TruthID,posRMS,velRMS,posANEES,velANEES
1,45.7855376347438,85.4653775721804,6.86279205744071,25.1289935626103
2,40.72244746803,83.6807909064719,9.09934665552966,32.2353667992827
