TruthID,posRMS,velRMS,posANEES,velANEES
1,42.0288101125072,82.9653634402686,11.0655912083483,138.259394181572
2,31.4099911317568,81.7728562138127,10.3706343140909,139.163193170494
