TruthID,posRMS,velRMS,posANEES,velANEES
1,43.3271534840876,82.8493218867189,10.4375086387259,136.298885130475
2,32.2298284271952,81.8657826871668,9.62674892824107,134.803522849322
