TruthID,posRMS,velRMS,posANEES,velANEES
1,37.6530199251829,84.7965682642302,12.0950912769809,158.191816142851
2,40.7680430922844,82.8846667447888,11.6701163293562,138.896911581139
