TrackID,posRMS,velRMS,posANEES,velANEES
1,127.155867236558,84.7067540157718,28.2349199757911,31.5700780304889
2,112.325296316889,83.4548013028683,24.1203759023157,30.9438278105086
