TruthID,posRMS,velRMS,posANEES,velANEES
1,126.62259232192,84.6302368593756,27.9597076514551,31.6154318118819
2,112.85239153054,83.5269585110487,24.3781866017815,30.8944406345962
