TrackID,posRMS,velRMS,posANEES,velANEES
1,128.772946483675,85.3744867220624,26.9560033346205,31.0370777438756
2,39.516879918785,84.3288281271191,7.71788907491075,30.378645201094
