TruthID,posRMS,velRMS,posANEES,velANEES
1,114.259852412981,86.1985000531642,23.714857346205,36.4574882878203
2,36.3538564370507,82.1727133005276,4.92721212336038,19.5206030953591
